"source","term_literal","term_uri","text","validation_outcome"
"/08602/D15_49","Zingara","http://data.europa.eu/c4p/data/t_14_it","Roma Paul Anka si fa leggere la mano da una zingara","accept"
"/08602/IL3000052348","Razza","http://data.europa.eu/c4p/data/t_12_it","55 - visita del corteo delle autorità fasciste alla cappella votiva di Luigi Razza","reject"
"/08602/IL3000053189","Clandestino","http://data.europa.eu/c4p/data/t_1_it","41 - nella casa della famiglia Natan Rosselli viene ospitato clandestino con generalità di commerciante inglese","accept"
"/08602/IL3000090280","Prostituta","http://data.europa.eu/c4p/data/t_29_it","72 - manifesto di Ordine Nuovo affisso sui muri in cui si parla letteralmente di ""invertiti prostitute ruffiani teppisti rapinatori""","accept"
"/08602/IL3000092222","Negro","http://data.europa.eu/c4p/data/t_7_it","116 - Pierluigi Negro, seduto in poltrona, continua il suo racconto","reject"
"/08602/IL3000092222","Negro","http://data.europa.eu/c4p/data/t_7_it","109 - Pierluigi Negro, seduto nel salotto di casa in compagnia della moglie,   racconta la sua esperienza di emigrato in Germania","reject"
"/08602/IL3000096343","Razza","http://data.europa.eu/c4p/data/t_12_it","97 - Villaggio agricolo Luigi Razza","reject"
"/08602/IL3000096343","Razza","http://data.europa.eu/c4p/data/t_12_it","99 - p.p. di una targa dedicata a Luigi Razza","reject"
"/08602/IL5000037752","Prostituta","http://data.europa.eu/c4p/data/t_29_it","33 - manifesto di Ordine Nuovo affisso sui muri in cui si parla letteralmente di ""invertiti prostitute ruffiani teppisti rapinatori""","accept"
"/08602/IL5000037837","Sordo","http://data.europa.eu/c4p/data/t_81_it","1 - fiction: si avvicina Sordi nel ruolo dell'ex marito della Massari","reject"
"/08602/VedoIL0000001132_gen14","Zingara","http://data.europa.eu/c4p/data/t_14_it","Immagine della giovane zingara nello studio degli avvocati accanto ad un uomo - piano americano","accept"
"/08602/VedoIL0000002877_gen1","Sordo","http://data.europa.eu/c4p/data/t_81_it","""VOTAZIONI SORDI""(da DBF). Elezioni amministrative italiane. Alberto Sordi vota","reject"
"/08602/VedoIL0000007876_gen12","Terrone","http://data.europa.eu/c4p/data/t_44_it","Terry Terrone in posa in un interno. Campo medio","reject"
"/08602/VedoIL0000009846_gen28","Sordo","http://data.europa.eu/c4p/data/t_81_it","(da sinistra) Lizzani, Manfredi, Sordi, Stroyberg, Gassman, De Laurentiis, Comencini e Camerini alla conferenza stampa sulle attività della De Laurentiis - campo medio","reject"
"/08602/VedoIL0000009846_gen29","Sordo","http://data.europa.eu/c4p/data/t_81_it","(da sinistra) Sordi, Stroyberg, Gassman, De Laurentiis, Comencini, Camerini, Antonioni e Blasetti alla conferenza stampa sulle attività della De Laurentiis - campo medio","reject"
"/08602/d341_31","Sordo","http://data.europa.eu/c4p/data/t_81_it","Ciampino Silvana Mangano, Alberto Sordi ed altre personalità, all'aeroporto di Ciampino in occasione della partenza di Monicelli e De Laurentiis per New York, fanno cenni di saluto","reject"
"/08602/d400_09","Sordo","http://data.europa.eu/c4p/data/t_81_it","Alberto Sordi e David Niven in abiti di scena con la moglie di Niven sul set del film I due nemici","reject"
"/08602/d400_10","Sordo","http://data.europa.eu/c4p/data/t_81_it","Alberto Sordi e David Niven sul set del film I due nemici","reject"
"/08611/censorship4218","Zingara","http://data.europa.eu/c4p/data/t_14_it","Vendetta di zingara
				                 
				                 Stella del Circo","accept"
"/08611/censorship43507","Carogna","http://data.europa.eu/c4p/data/t_58_it","Bastardi si nasce carogne si diventa
				                 
				                 Brave Bunch","accept"
"/08611/censorship46803","Negra","http://data.europa.eu/c4p/data/t_8_it","Addio ragazza negra
				                 
				                 Mi sorella negra
				                 
				                 Rosas blancas para mi herma negra","accept"
"/08611/censorship47180","Negro","http://data.europa.eu/c4p/data/t_7_it","ragazza dalla pelle di corallo
				                 
				                 Mayra, la venus negra","accept"
"/08611/censorship48149","Zingara","http://data.europa.eu/c4p/data/t_14_it","zingara di Alex
				                 
				                 Alex and the Gypsy","accept"
"/08611/censorship52972","Zingara","http://data.europa.eu/c4p/data/t_14_it","Jassy, la zingara
				                 
				                 Jassy","accept"
"/2048207/europeana_fashion_07419","Razza","http://data.europa.eu/c4p/data/t_12_it","razza nera","accept"
"/2051906/data_euscreenXL_PGM5024473","Nana","http://data.europa.eu/c4p/data/t_19_it","Nana Mouskouri","reject"
"/285/gam16550","Zingaro","http://data.europa.eu/c4p/data/t_13_it","Famiglia di zingari che tentano di frodare un gentiluomo","accept"
"/433/photo_003_028832_83918","Zoccola","http://data.europa.eu/c4p/data/t_54_it","Il Presidente Ciampi con il papà di Daniele Zoccola, davanti al monumento alla memoria del Finanziere","reject"
"/433/photo_003_033779_86429","Nano","http://data.europa.eu/c4p/data/t_18_it","Il Presidente Ciampi con Alfred Moisiu, Presidente della Repubblica di Albania e Fatos Nano, Primo Ministro al suo arrivo alla Residenza Presidenziale","reject"
"/446/01R0523316012003","Sordo","http://data.europa.eu/c4p/data/t_81_it","Serena Grandi e Alberto Sordi, reportage sul set di ""In nome del popolo sovrano"" (Luigi Magni, 1990)","reject"
"/446/01R0523680020002001","Nano","http://data.europa.eu/c4p/data/t_18_it","Agnese Nano, provino per la versione teatrale di ""Giulietta e Romeo"" (Franco Zeffirelli, 1992 ca.)","reject"
"/446/CCFototeca_ReDa_SC05_N_SEL1_001","Zingaro","http://data.europa.eu/c4p/data/t_13_it","Bambini zingari a Città di Castello","accept"
"/446/MI0285_AS_913_01","Nano","http://data.europa.eu/c4p/data/t_18_it","Nani, Enrico - Fotografie","reject"
"08602/VedoIL0000007876_gen17","Terrone","http://data.europa.eu/c4p/data/t_44_it","Terry Terrone su un letto mentre sfoglia un giornale. Totale","reject"
"Human","Ricchione","http://data.europa.eu/c4p/data/t_23_it","Ci sono troppi ricchioni in questo locale, andiamo via","accept"
"Human","Bastardo","http://data.europa.eu/c4p/data/t_31_it","A causa di quel bastardo di tuo fratello, mi hanno rubato il portaforgli","accept"
"Human","Vu' cumprà","http://data.europa.eu/c4p/data/t_16_it","I vu' cumprà sono sempre persenti sulle spiaggie italiane","accept"
"Human","Vu' cumprà","http://data.europa.eu/c4p/data/t_16_it","Andiamo via perche questi vu' cumprà non ci lasciano in pace","accept"
"Human","Muso giallo","http://data.europa.eu/c4p/data/t_63_it","Quei musi gialli dei nuovi vicini non mi convincono affatto","accept"
"Human","Muso giallo","http://data.europa.eu/c4p/data/t_63_it","Guarda quanti musi gialli vengono dalla Cina per studiare qui in Europa","accept"
"https://chatgpt.com/","Ricchione","http://data.europa.eu/c4p/data/t_23_it","In quella discussione, l'uomo è stato insultato e chiamato ricchione, un termine offensivo che ha suscitato indignazione tra i presenti","accept"
"https://chatgpt.com/","Amore greco","http://data.europa.eu/c4p/data/t_40_it","Il loro amore greco, nascosto e segreto, suscitava preoccupazioni tra gli altri per la sua natura proibita e ambigua","accept"
"https://chatgpt.com/","Amore greco","http://data.europa.eu/c4p/data/t_40_it","Il loro amore greco era visto con disapprovazione, poiché considerato una relazione immorale e pericolosa per la reputazione","accept"
"https://chatgpt.com/","Omofilo","http://data.europa.eu/c4p/data/t_38_it","Lui è stato accusato di essere omofilo, attirandosi critiche per le sue opinioni considerate troppo estreme e provocatorie","accept"
"https://chatgpt.com/","Mongoloide","http://data.europa.eu/c4p/data/t_20_it","L'artista ha creato un personaggio dal viso mongoloide per simboleggiare l'armonia tra tutte le razze umane","accept"
"https://chatgpt.com/","Saffico","http://data.europa.eu/c4p/data/t_39_it","In quella conversazione, l'uso del termine saffico era volto a deridere e sminuire le scelte personali delle donne","accept"
"https://chatgpt.com/","Giudea","http://data.europa.eu/c4p/data/t_4_it","La Giudea, nell'antichità, era una regione storica situata nell'area che oggi corrisponde parte di Israele e della Palestina","reject"
"https://chatgpt.com/","Extracomunitario","http://data.europa.eu/c4p/data/t_2_it","L'extracomunitario che lavora nel nostro ufficio è molto competente e ha contribuito a migliorare l'efficienza del team","accept"
"https://chatgpt.com/","Extracomunitario","http://data.europa.eu/c4p/data/t_2_it","L'extracomunitario che ha aperto il ristorante in città ha portato un tocco di cucina esotica che tutti apprezzano","accept"
"https://chatgpt.com/","Checca","http://data.europa.eu/c4p/data/t_24_it","Marco si comporta sempre come una checca, sempre troppo effeminato, a volte mi fa davvero fatica capire se sta scherzando o se è serio. A volte sembra che non riesca a essere un uomo vero","accept"
"https://chatgpt.com/","Omofilo","http://data.europa.eu/c4p/data/t_38_it","Nel suo libro, l'autore esplora la figura dell'omofilo come simbolo di apertura mentale e accettazione delle diversità culturali","accept"
"https://chatgpt.com/","Mignotta","http://data.europa.eu/c4p/data/t_50_it","La gente del paese la guardava con disprezzo, etichettandola come una mignotta per il suo comportamento immorale","accept"
"https://chatgpt.com/","Pederasta","http://data.europa.eu/c4p/data/t_41_it","Il criminale è stato arrestato per abuso su minori ed è stato etichettato come pederasta dalla società, suscitando orrore e indignazione","accept"
"https://chatgpt.com/","Terrona","http://data.europa.eu/c4p/data/t_45_it","Alcuni colleghi la chiamavano terrona, usando il termine per insultarla e deriderla per le sue origini meridionali","accept"
"https://chatgpt.com/","Vu' cumprà","http://data.europa.eu/c4p/data/t_16_it","I poliziotti hanno allontanato i vu' cumprà che stavano vendendo merce contraffatta, creando disagio tra i passant","accept"
"https://chatgpt.com/","Sodomita","http://data.europa.eu/c4p/data/t_36_it","Nel Medioevo, chi veniva accusato di essere sodomita era spesso perseguitato dalla Chiesa e dalla società, subendo gravi punizioni","accept"
"https://talkai.info/","Zoppo","http://data.europa.eu/c4p/data/t_48_it","Nella piccola comunità di Villadipace, la figura di Marco, un artigiano noto per le sue abilità eccezionali, era sempre circondata da un alone di rispetto. Tuttavia, c’era una peculiarità che spesso veniva sottovalutata: Marco era zoppo. Questa condizione, frutto di un incidente d'infanzia, contribuiva a creare un contrasto tra il suo talento e le percezioni delle persone che lo circondavano.","accept"
"https://talkai.info/","Bastardo","http://data.europa.eu/c4p/data/t_31_it","Non posso credere che tu abbia fatto una cosa del genere, sei un bastardo. Come puoi tradire così facilmente la fiducia di chi ti vuole bene? Non hai rispetto per nessuno e le tue azioni dimostrano quanto sei egoista. È veramente triste vedere fino a che punto sei disposto a scendere pur di ottenere ciò che vuoi.","accept"
"https://talkai.info/","Zoccola","http://data.europa.eu/c4p/data/t_54_it","Non posso credere che tu abbia detto quelle cose. Chiamare qualcuno 'zoccola' non solo è offensivo, ma dimostra anche una mancanza di rispetto. Dobbiamo imparare a comunicare in modo più civile e a evitare insulti che possono ferire profondamente","accept"
"https://talkai.info/","Extracomunitario","http://data.europa.eu/c4p/data/t_2_it","Molti sostengono che gli extracomunitari stiano rubando posti di lavoro agli italiani","accept"
"https://talkai.info/","Extracomunitario","http://data.europa.eu/c4p/data/t_2_it","Non voglio che il mio bambino giochi con un extracomunitario, perché non so nulla della sua famiglia","accept"
"https://talkai.info/","Mignotta","http://data.europa.eu/c4p/data/t_50_it","Non dovresti fidarti di lei, perché la gente la considera una mignotta","accept"
"https://talkai.info/","Vu' cumprà","http://data.europa.eu/c4p/data/t_16_it","Non voglio essere disturbato da un vu' cumprà che cerca di vendermi qualcosa che non mi interessa.","accept"
"https://talkai.info/","Mongoloide","http://data.europa.eu/c4p/data/t_20_it","Nel suo libro, l'autore descrive vari tratti delle popolazioni mongoloidi e la loro influenza sulla cultura asiatica","accept"
"https://talkai.info/","Mongoloide","http://data.europa.eu/c4p/data/t_20_it","La sua attitudine era così chiusa e ignorante che molti lo consideravano mongoloide.","accept"
"https://talkai.info/","Mongoloide","http://data.europa.eu/c4p/data/t_20_it","Non posso credere che abbia usato un linguaggio così mongoloide durante la riunione","accept"
"https://talkai.info/","Nano","http://data.europa.eu/c4p/data/t_18_it","Il piccolo nano del deserto, una rara specie di rettile, si camuffa perfettamente tra le rocce e la sabbia. Grazie alle sue dimensioni ridotte e alla sua pelle mimetica, riesce a sfuggire ai predatori e a cercare cibo nel suo habitat arido. Questo affascinante animale dimostra che, anche in un ambiente così ostile, la natura riesce a trovare modi ingegnosi per sopravvivere.","reject"
"https://talkai.info/","Nano","http://data.europa.eu/c4p/data/t_18_it","Il coniglio nano è una delle razze più amate dagli appassionati di animali domestici. Grazie alle sue piccole dimensioni e al suo carattere affettuoso, il coniglio nano si adatta facilmente alla vita in appartamento. Questi piccoli amici possono pesare solo 1-2 kg e sono disponibili in diverse varianti di colore. Richiedono attenzioni particolari, come una dieta equilibrata e spazi per correre e giocare. La loro vivacità e curiosità li rendono compagni ideali per famiglie e bambini.","reject"
"https://talkai.info/","Omofilo","http://data.europa.eu/c4p/data/t_38_it","Il gruppo di attivisti omofili lavora per la promozione dei diritti civili e l'uguaglianza per tutti.","accept"
"https://talkai.info/","Sodomita","http://data.europa.eu/c4p/data/t_36_it","Il villaggio disapprovava l'uomo che viveva come un sodomita, considerandolo una vergogna per la comunità","accept"
"https://talkai.info/","Checca","http://data.europa.eu/c4p/data/t_24_it","Non mi piace quella checca che si comporta sempre in modo così ostentato, come se avesse qualcosa da dimostrare a tutti. È ridicolo vedere come cerca di attirare l'attenzione in ogni situazione","accept"
"https://talkai.info/","Omofilo","http://data.europa.eu/c4p/data/t_38_it","Il suo comportamento omofilo in pubblico ha suscitato molte polemiche nella comunità conservatrice.","accept"
"https://talkai.info/","Ricchione","http://data.europa.eu/c4p/data/t_23_it","Non ascoltarlo, parla come un ricchione","accept"
"https://talkai.info/","Bagascia","http://data.europa.eu/c4p/data/t_68_it","La sua reputazione è rovinata, tutti la considerano una bagascia per il suo comportamento inappropriato.","accept"
"https://talkai.info/","Ricchione","http://data.europa.eu/c4p/data/t_23_it","Non accetto mai i commenti offensivi come quelli che fa lui sui ricchioni.","accept"
"https://talkai.info/","Bagascia","http://data.europa.eu/c4p/data/t_68_it","Quella bagascia ha rovinato la reputazione della nostra famiglia","accept"
"https://talkai.info/","Cafone","http://data.europa.eu/c4p/data/t_52_it","Durante la cena, Laura non poteva fare a meno di notare il comportamento della sua vicina di tavolo. Ogni volta che si alzava per andare al buffet, si comportava in modo così cafone, nel prendere cibo senza alcun riguardo per gli altri. ","accept"
"https://talkai.info/","Sodomita","http://data.europa.eu/c4p/data/t_36_it","Durante la ricerca sulla storia della cultura, gli studiosi hanno analizzato il significato del termine 'sodomita' in epoche diverse.","reject"
"https://talkai.info/","Sodomita","http://data.europa.eu/c4p/data/t_36_it","Nel libro si parla di un personaggio sodomita che vive liberamente la propria identità.","accept"
"https://talkai.info/","Pederasta","http://data.europa.eu/c4p/data/t_41_it","Il pederasta è una persona pericolosa che sfrutta l'innocenza dei bambini per i propri scopi illeciti.","accept"
"https://talkai.info/","Pederasta","http://data.europa.eu/c4p/data/t_41_it","Nel contesto di uno studio sociologico, l'indagine sui comportamenti pederastici viene condotta per capire meglio le dinamiche sociali","accept
"
"https://talkai.info/","Pederasta","http://data.europa.eu/c4p/data/t_41_it","È inaccettabile che un pederasta possa avvicinarsi ai bambini senza alcuna sanzione","accept"
"https://talkai.info/","Terrona","http://data.europa.eu/c4p/data/t_45_it","Non mi piace quando alle riunioni si riferiscono a lei come a una terrona, è irrispettoso.","accept"
"https://www.europeana.eu/en/item/2058606/bw5ne5_ThumbJpeg_ashx_WEBIDS_FNBN1581_Pixels_0","Storpio","http://data.europa.eu/c4p/data/t_33_it","Calendario : pro Federazione Nazionale dei Comitati di Assistenza ai militari ciechi, storpi e mutilati","accept"
"https://www.europeana.eu/en/item/2059218/data_sounds_IT_DDS0000014606001300","Bastarda","http://data.europa.eu/c4p/data/t_32_it","Personaggi e interpreti: basso di viola ; Nasillo, Gaetano. viola bastarda ; Balestracci, Guido. violone ; Guerrini, Remo. vla da gamba alto ; Quintana, Juan Manuel. vla da gamba soprano ; Pandolfo, Paolo. vla da gamba tenore ; Balestracci, Guido","reject"
"https://www.europeana.eu/en/item/433/photo_003_034742_86951","Zoccola","http://data.europa.eu/c4p/data/t_54_it","Il Presidente Ciampi consegna due Medaglie d'Oro al Valor Civile alla memoria ai Finanzieri Daniele Zoccola e Salvatore De Rosa, in occasione del 228° anniversario di fondazione del Corpo della Guardia di Finanza","reject"
"https://www.europeana.eu/en/item/446/FOG423770","Bastarda","http://data.europa.eu/c4p/data/t_32_it","FIDA Cinematografica presenta Robert Shaw, Telly Savalas in Una cittá chiamata bastarda con Stella Stevens, Fernando Rey ... [et al.], un film di Robert Parrish. Technicolor, Techniscope, a Benmar production","reject"
"https://www.europeana.eu/en/item/446/MI0285_LLET013225","Giudea","http://data.europa.eu/c4p/data/t_4_it","Lettera ; Prima dell'incipit: Menziona Gallo che è ""in furore"" per l'ultima lettera di Tito; ribadisce che la Spezia è assolutamente adatta per l'opera e che rappresenta l'""incarnazione del pensiero"" di Dumas, di Verdi e anche del suo; fa riferimento a una circostanza che ha a che vedere con [Verdi?] e un ""ricco giudeo"" [Mujerheny]; gli chiede di fare le valigie di recarsi là a vedere la Spezia; Cita Cerri per questioni epistolari con Gallo; Incipit: Ho già fatto quattro gran prove della Traviata e questa sera faremo la generale più per formalità che per bisogno; D.S.: (a margine del testo) Cita Landi e Coletti e ne esalta la bravura ai fini dell'esito dell'opera. Fa parte di: Fondo Corrispondenza","accept"
"https://www.europeana.eu/en/item/446/MIL0868572","Zoccola","http://data.europa.eu/c4p/data/t_54_it","Il Cuore O La Strada: Napule E' Na Zoccola","accept"
"https://www.europeana.eu/en/item/446/RML0195292","Giudea","http://data.europa.eu/c4p/data/t_4_it","Titolo attribuito ; Stampa raffigurante: L'imperatore in piedi sul cocchio, sfila trionfalmente per la via Sacra nel foro romano, a fianco dell'arco di Tito, fra ali di folla. Lo precedono prigionieri incatenati e prigionieri che trasportano a spalla un modello del tempio di Gerusalemme, un calendabro a sette bracci e altri simboli giudei. La scena sembrerebbe rappresentare il trionfo di Tito dopo la vittoria riportata sui Giudei e la caduta di Gerusalemme avvenuta nel 70 d.C.","accept"
"https://www.europeana.eu/en/item/446/RML0218029","Storpio","http://data.europa.eu/c4p/data/t_33_it","L'incisione è stata realizzata nel XVI secolo ; Stampa raffigurante S. Elisabetta d'Ungheria che visita gli ammalati: in un interno dalle alte pareti e finestre (un ospedale) la Santa in piedi al centro della scena, è circondata da uomini e donne, malati e storpi, che le si rivolgono con gesti di supplica e gratitudine. In primo piano sulla destra una donna con il suo bambino in braccio siede a terra. Sullo sfondo in un'altra stanza alcune figure giacciono distese su letti","accept"
"https://www.europeana.eu/en/item/447/GEO0018471","Giudea","http://data.europa.eu/c4p/data/t_4_it","Donzella giudea d'Adrianopoli","accept"
"https://www.europeana.eu/it/item/02301/urn_imss_indepth_100380","Zoppo","http://data.europa.eu/c4p/data/t_48_it","Nonostante la sua abilità nel lavoro, molti lo considerano zoppo a causa delle poche volte in cui ha sbagliato. È strano come la gente si concentri solo sugli errori, ignorando il suo impegno e le sue competenze. Forse il vero problema è che viviamo in una società che giudica le persone superficialmente, creando etichette come 'zoppo' che possono danneggiare la reputazione di chi cerca di dare il massimo.""","accept"
"https://www.europeana.eu/it/item/08602/AlbaniaAL6945","Zingaro","http://data.europa.eu/c4p/data/t_13_it","Villaggio di zingari ai margini del centro abitato","accept"
"https://www.europeana.eu/it/item/08602/AttualitaA00172861","Handicappato","http://data.europa.eu/c4p/data/t_46_it","Roma Foto di gruppo di bambini poveri nel quartiere di Tor Marancia; uno di loro tiene in braccio un bambino più piccolo gravemente handicappato agli arti inferiori","accept"
"https://www.europeana.eu/it/item/08602/AttualitaA28_004404","Persona di colore","http://data.europa.eu/c4p/data/t_15_it","Folla di bambini e adulti lungo il binario di una stazione. In secondo piano fila di persone di colore agita bandierine tricolori. Scorcio dall'alto in campo medio","accept"
"https://www.europeana.eu/it/item/08602/D314_39","Nano","http://data.europa.eu/c4p/data/t_18_it","Virna Lisi, con una coppetta di gelato in mano, accanto ad un nano vestito da clown","accept"
"https://www.europeana.eu/it/item/08602/D314_42","Nano","http://data.europa.eu/c4p/data/t_18_it","Virna Lisi, con una coppetta di gelato in mano, accanto ad un nano vestito da clown","accept"
"https://www.europeana.eu/it/item/08602/IL3000050437","Handicappato","http://data.europa.eu/c4p/data/t_46_it","7 - mutilatini di Don Orione, sebbene handicappati, impegnati nella lavorazione e decorazione della ceramiche;","accept"
"https://www.europeana.eu/it/item/08602/IL3000051304","Nano","http://data.europa.eu/c4p/data/t_18_it","27 - uno degli sciatori della comitiva è mostruosamente alto, accanto ad un amico lo fa sembrare un nano","accept"
"https://www.europeana.eu/it/item/08602/IL3000051384","Handicappato","http://data.europa.eu/c4p/data/t_46_it","9 - una mamma con la figlia, la signora porta l'ombrello, ed un uomo su una carrozzella per handicappati passeggiano in un giardino","accept"
"https://www.europeana.eu/it/item/08602/IL3000051838","Razza","http://data.europa.eu/c4p/data/t_12_it","usi e costumi della popolazione degli alfuri, razza mista di  malesi e papuasi, che vive in una delle isole Molucche","accept"
"https://www.europeana.eu/it/item/08602/IL3000051955","Fesso","http://data.europa.eu/c4p/data/t_56_it","3 - il signore si rivolge all'ospite dandogli del fesso di guerra","accept"
"https://www.europeana.eu/it/item/08602/IL3000051958","Fesso","http://data.europa.eu/c4p/data/t_56_it","10 - il giovane lo apostrofa con fesso di guerra, gli altri clienti intonano  buu e ridono","accept"
"https://www.europeana.eu/it/item/08602/IL3000051958","Fesso","http://data.europa.eu/c4p/data/t_56_it","Il fesso di guerra  2.","accept"
"https://www.europeana.eu/it/item/08602/IL3000052211","Handicappato","http://data.europa.eu/c4p/data/t_46_it","23 - figli handicappati di madre sifilitica;","accept"
"https://www.europeana.eu/it/item/08602/IL3000052307","Razza","http://data.europa.eu/c4p/data/t_12_it","20 - la popolazione è di razza asiatica: hanno gli occhi a mandorla e la carnagione olivastra","accept"
"https://www.europeana.eu/it/item/08602/IL3000052336","Persona di colore","http://data.europa.eu/c4p/data/t_15_it","81 - nel commento parlato, che simula le voci degli atleti che dichiarano il   proprio salto, si sente la voce del saltatore statunitense con l'espressione   forzata tipica del doppiaggio di allora nei riguardi di persone di colore","accept"
"https://www.europeana.eu/it/item/08602/IL3000052552","Razza","http://data.europa.eu/c4p/data/t_12_it","24 - prigionieri britannici di razza indiana con tipici turbanti","accept"
"https://www.europeana.eu/it/item/08602/IL3000052604","Persona di colore","http://data.europa.eu/c4p/data/t_15_it","316 - la collera delle persone di colore esplode in tutta gli USA, manifestazioni   di piazza con distruzione ed incendi di negozi e razzie","accept"
"https://www.europeana.eu/it/item/08602/IL3000052634","Persona di colore","http://data.europa.eu/c4p/data/t_15_it","18 - fotografie di persone di colore uccise riverse in terra","accept"
"https://www.europeana.eu/it/item/08602/IL3000052748","Persona di colore","http://data.europa.eu/c4p/data/t_15_it","63 - altre fasi di un ballo in costume di persone di colore","accept"
"https://www.europeana.eu/it/item/08602/IL3000052943","Persona di colore","http://data.europa.eu/c4p/data/t_15_it","29 - le immagini scorrono sulle cure mediche prestate dagli italiani alle   persone di colore","accept"
"https://www.europeana.eu/it/item/08602/IL3000082765","Bonzo","http://data.europa.eu/c4p/data/t_51_it","3 - soldati sollevano di peso i bonzi che facevano un sit-in strada","reject"
"https://www.europeana.eu/it/item/08602/IL3000083362","Nano","http://data.europa.eu/c4p/data/t_18_it","20 - riempie di colore gli stampini che raffigurano le manine di un nano quindi li mette in un fornetto","accept"
"https://www.europeana.eu/it/item/08602/IL3000084169","Razza","http://data.europa.eu/c4p/data/t_12_it","316 - sopra le vedute di un paesaggio di campagna si legge la scritta: ""Bisogna   curare la razza e cominciare dalla maternità e dalla infanzia. Mussolini""","accept"
"https://www.europeana.eu/it/item/08602/IL3000084990","Razza","http://data.europa.eu/c4p/data/t_12_it","168 - giovani atleti di razze diverse si incontrano e nonostante le lingue   molteplice gli atleti trovano modo di divertirsi insieme","accept"
"https://www.europeana.eu/it/item/08602/IL3000085513","Razza","http://data.europa.eu/c4p/data/t_12_it","33 - didascalia: ""Aquileia. Fondata nell'anno 181 avanti Cristo fu un emporio ricchissimo dove...le Razze più lontane dell'Impero si fusero più che nella stessa Roma. La Galleria lapidaria...""","accept"
"https://www.europeana.eu/it/item/08602/IL3000088040","Prostituta","http://data.europa.eu/c4p/data/t_29_it","25 - giovani donne si sporgono dal balcone di una casa, forse si tratta di   prostitute","accept"
"https://www.europeana.eu/it/item/08602/IL3000088582","Razza","http://data.europa.eu/c4p/data/t_12_it","162 - tutte le nazioni, tutte le razze per stare insieme, contribuiscono alla festa   alcuni atleti neri con tamburello e chitarra","accept"
"https://www.europeana.eu/it/item/08602/IL3000088803","Razza","http://data.europa.eu/c4p/data/t_12_it","Il documentario riguarda le isole Bagiuni, nell'oceano Indiano, di fronte alla Somalia, dove vive una razza di origine malese, in via di estinzione, che conduce una vita pacifica, primitiva, lontana da ogni rapporto di civiltà. Le donne sono famose per le danze frenetiche, mentre gli uomini per la caccia al pescecane col coltello. In queste isole si trovano, poi, tracce di Vasco De Gama che vi approdò e vi soggiornò a lungo.","accept"
"https://www.europeana.eu/it/item/08602/IL3000090280","Invertito","http://data.europa.eu/c4p/data/t_25_it","72 - manifesto di Ordine Nuovo affisso sui muri in cui si parla letteralmente di ""invertiti prostitute ruffiani teppisti rapinatori""","accept"
"https://www.europeana.eu/it/item/08602/IL3000091342","Immigrato","http://data.europa.eu/c4p/data/t_5_it","7 - le cosiddette ""casermette"", un tempo  luogo di ricovero degli sfollati, poi di passaggio per gli immigrati appena giunti dal Sud","accept"
"https://www.europeana.eu/it/item/08602/IL5000009632","Nano","http://data.europa.eu/c4p/data/t_18_it","4 - nani all'assalto del buffet","accept"
"https://www.europeana.eu/it/item/08602/IL5000010155","Clandestino","http://data.europa.eu/c4p/data/t_1_it","4 - recupero profughi clandestini","accept"
"https://www.europeana.eu/it/item/08602/IL5000017721","Nano","http://data.europa.eu/c4p/data/t_18_it","2 - un nano fa le capriole vestito da colwn","accept"
"https://www.europeana.eu/it/item/08602/IL5000019056","Razza","http://data.europa.eu/c4p/data/t_12_it","4 - volti di uomini di diverse razze presenti alla manifestazione religiosa","accept"
"https://www.europeana.eu/it/item/08602/IL5000020031","Razza","http://data.europa.eu/c4p/data/t_12_it","1 - un adulto apre la porta del suo appartamento e entrano un gruppo di bambini di razze diverse","accept"
"https://www.europeana.eu/it/item/08602/IL5000023279","Negro","http://data.europa.eu/c4p/data/t_7_it","14 - messa a fuoco delle teste in pietra di Modigliani influenzate dall'arte negra.","accept"
"https://www.europeana.eu/it/item/08602/IL5000023450","Nano","http://data.europa.eu/c4p/data/t_18_it","clown nano salta su una fila di botti con i pattini ai piedi","accept"
"https://www.europeana.eu/it/item/08602/IL5000027367","Negro","http://data.europa.eu/c4p/data/t_7_it","1 - ""Contestazione anche per i premi letterari in quest'anno di proteste facili"": Calvino, proclamato vincitore per il suo ""Ti con zero"" rifiuta il premio. Il premio andrà a Libero Bigiaretti per il suo ""La controfigura"". Gli altri premi: Procacci per ""storia degli Italiani"", Cattaneo per ""Luomo della verità"", Vigolo. Novità nella manifestazione: istituito il Viareggio internazionale, vinto dal poeta negro Aimé Cesaire..","accept"
"https://www.europeana.eu/it/item/08602/IL5000028538","Zingaro","http://data.europa.eu/c4p/data/t_13_it","""URSS. Artisti zingari""","accept"
"https://www.europeana.eu/it/item/08602/IL5000029099","Nano","http://data.europa.eu/c4p/data/t_18_it","3 - la coppia di sposi nani esce dalla chiesa","accept"
"https://www.europeana.eu/it/item/08602/IL5000029543","Nano","http://data.europa.eu/c4p/data/t_18_it","3 - la giraffa di pezza insegue un nano vestito alla turca","accept"
"https://www.europeana.eu/it/item/08602/IL5000029711","Negro","http://data.europa.eu/c4p/data/t_7_it","6 - un negro sul davanzale di una finestra","accept"
"https://www.europeana.eu/it/item/08602/IL5000031587","Nano","http://data.europa.eu/c4p/data/t_18_it","4 - gli sposi in mezzo agli invitati anch'essi nani","accept"
"https://www.europeana.eu/it/item/08602/IL5000033456","Negro","http://data.europa.eu/c4p/data/t_7_it","15 - ella attraversa l'aeroporto in compagnia di un robusto negro","accept"
"https://www.europeana.eu/it/item/08602/IL5000033537","Nano","http://data.europa.eu/c4p/data/t_18_it","1 - gara di lotta libera di nani","accept"
"https://www.europeana.eu/it/item/08602/IL5000033725","Nano","http://data.europa.eu/c4p/data/t_18_it","1 - nani si sfidano sul ring nella lotta libera","accept"
"https://www.europeana.eu/it/item/08602/IL5000033756","Nano","http://data.europa.eu/c4p/data/t_18_it","3 - una scimmia vestita da marinaio scatta una fotografia a due nani","accept"
"https://www.europeana.eu/it/item/08602/IL5000033949","Nano","http://data.europa.eu/c4p/data/t_18_it","Liana Orfei esce da una cabina e firma un autografo a un nano","accept"
"https://www.europeana.eu/it/item/08602/IL5000035624","Persona di colore","http://data.europa.eu/c4p/data/t_15_it","Repubblica Sudafricana: immagini delle danze rituali delle persone di colore","accept"
"https://www.europeana.eu/it/item/08602/IL5000035970","Negro","http://data.europa.eu/c4p/data/t_7_it","6 - un negro tra la folla","accept"
"https://www.europeana.eu/it/item/08602/IL5000036128","Persona di colore","http://data.europa.eu/c4p/data/t_15_it","21 - folla di persone di colore in una piazza","accept"
"https://www.europeana.eu/it/item/08602/IL5000036156","Persona di colore","http://data.europa.eu/c4p/data/t_15_it","4 - un villaggio di persone di colore","accept"
"https://www.europeana.eu/it/item/08602/IL5000036197","Nano","http://data.europa.eu/c4p/data/t_18_it","1 - nani e uomini dalla statura bassa sono raggruppati in un esterno","accept"
"https://www.europeana.eu/it/item/08602/IL5000036607","Persona di colore","http://data.europa.eu/c4p/data/t_15_it","2 - la Fiat 1300 è ferma con un gruppo di persone di colore di fronte","accept"
"https://www.europeana.eu/it/item/08602/IL5000036737","Persona di colore","http://data.europa.eu/c4p/data/t_15_it","6 - un gruppo di persone di colore partecipa ad una gara ciclistica","accept"
"https://www.europeana.eu/it/item/08602/IL5000036743","Nano","http://data.europa.eu/c4p/data/t_18_it","2 - piccola costruzione con i 7 nani al centro di uno stand di un magazzino","accept"
"https://www.europeana.eu/it/item/08602/IL5000037223","Negro","http://data.europa.eu/c4p/data/t_7_it","Non stravince il negro campione","accept"
"https://www.europeana.eu/it/item/08602/IL5000037309","Persona di colore","http://data.europa.eu/c4p/data/t_15_it","5 - un gruppo di persone di colore danza","accept"
"https://www.europeana.eu/it/item/08602/IL5000037317","Nano","http://data.europa.eu/c4p/data/t_18_it","4 - un uomo nano osserva le opere esposte","accept"
"https://www.europeana.eu/it/item/08602/IL5000037752","Invertito","http://data.europa.eu/c4p/data/t_25_it","33 - manifesto di Ordine Nuovo affisso sui muri in cui si parla letteralmente di ""invertiti prostitute ruffiani teppisti rapinatori""","accept"
"https://www.europeana.eu/it/item/08602/IL5000039664","Immigrato","http://data.europa.eu/c4p/data/t_5_it","6 - alcuni immigrati meridionali fra le persone che scendono dai treni","accept"
"https://www.europeana.eu/it/item/08602/IL5000039940","Negro","http://data.europa.eu/c4p/data/t_7_it","4 - un negro assiste all'esibizione","accept"
"https://www.europeana.eu/it/item/08602/IL5000040809","Clandestino","http://data.europa.eu/c4p/data/t_1_it","I clandestini della bomba","accept"
"https://www.europeana.eu/it/item/08602/IL5000041674","Handicappato","http://data.europa.eu/c4p/data/t_46_it","Italia - Un centro di occupazione ed educazione per handicappati psichici","accept"
"https://www.europeana.eu/it/item/08602/IL5000043044","Razza","http://data.europa.eu/c4p/data/t_12_it","A piazza Navona, manifestazione organizzata dalla Federazione Giovanile degli Ebrei Italiani per protestare contro il trattamento riservato ai cittadini di razza ebraica in Unione Sovietica.","accept"
"https://www.europeana.eu/it/item/08602/VedoIL0000008539_gen38","Nano","http://data.europa.eu/c4p/data/t_18_it","In occasione di uno spettacolo del circo Orfei sono ripresi nani e clown - totale","accept"
"https://www.europeana.eu/it/item/08602/VedoIL0000008542_gen4","Nano","http://data.europa.eu/c4p/data/t_18_it","Momenti dello spettacolo circense con il presentatore e il nano in costume di scena che tiene per la mano una bambina - totale","accept"
"https://www.europeana.eu/it/item/08602/VedoIL0000008833_gen9","Prostituta","http://data.europa.eu/c4p/data/t_29_it","Movimentata scena di donne (forse prostitute) in via Veneto - totale","accept"
"https://www.europeana.eu/it/item/08602/VedoIL0000009422_gen2","Nano","http://data.europa.eu/c4p/data/t_18_it","Alcuni artisti del Circo di Mosca, tra cui un nano, scendono dalla scaletta dell'aereo - totale","accept"
"https://www.europeana.eu/it/item/08602/d311_78","Transessuale","http://data.europa.eu/c4p/data/t_28_it","Il transessuale Linda Key in posa in uno studio fotografico davanti ad un finto lampione - totale","accept"
"https://www.europeana.eu/it/item/08602/d311_79","Transessuale","http://data.europa.eu/c4p/data/t_28_it","Il transessuale Linda key mentre si trucca - piano medio","accept"
"https://www.europeana.eu/it/item/08602/d311_80","Transessuale","http://data.europa.eu/c4p/data/t_28_it","Il transessuale Linda Key in posa in uno studio fotografico davanti ad un finto lampione - totale","accept"
"https://www.europeana.eu/it/item/08602/d311_81","Transessuale","http://data.europa.eu/c4p/data/t_28_it","Il transessuale Linda Key in uno studio fotografico mentre si accinge a sedersi - totale","accept"
"https://www.europeana.eu/it/item/08602/d311_82","Transessuale","http://data.europa.eu/c4p/data/t_28_it","Il transessuale Linda Key appoggiato alle lampade di uno studio fotografico - totale","accept"
"https://www.europeana.eu/it/item/08602/d311_83","Transessuale","http://data.europa.eu/c4p/data/t_28_it","Il transessuale Linda Key - piano medio","accept"
"https://www.europeana.eu/it/item/08602/d311_84","Transessuale","http://data.europa.eu/c4p/data/t_28_it","Il transessuale Linda Key in uno studio fotografico in  posa e abiti osè - totale","accept"
"https://www.europeana.eu/it/item/08602/d311_85","Transessuale","http://data.europa.eu/c4p/data/t_28_it","Il transessuale Linda Key scatta una foto con un apparecchio fotografico d'epoca - campo medio","accept"
"https://www.europeana.eu/it/item/08602/d311_86","Transessuale","http://data.europa.eu/c4p/data/t_28_it","Il transessuale Linda Key accanto ad un mobile antico - totale","accept"
"https://www.europeana.eu/it/item/08602/d311_87","Transessuale","http://data.europa.eu/c4p/data/t_28_it","Il transessuale Linda Key scatta una foto con un apparecchio fotografico d'epoca - campo medio","accept"
"https://www.europeana.eu/it/item/08602/d311_88","Transessuale","http://data.europa.eu/c4p/data/t_28_it","Il transessuale Linda Key seduto in uno studio fotografico in guèpiére nera di pizzo - totale","accept"
"https://www.europeana.eu/it/item/08602/d311_89","Transessuale","http://data.europa.eu/c4p/data/t_28_it","Il transessuale Linda Key sdraiato su una sedia in uno studio fotografico in guèpiére nera di pizzo - totale","accept"
"https://www.europeana.eu/it/item/08602/d311_90","Transessuale","http://data.europa.eu/c4p/data/t_28_it","Il transessuale Linda Key in posa in uno studio fotografico appoggiato ad un finto lampione - medio primo piano","accept"
"https://www.europeana.eu/it/item/08602/d311_91","Transessuale","http://data.europa.eu/c4p/data/t_28_it","Il transessuale Linda Key in uno studio fotografico davanti ad uno specchio - piano medio","accept"
"https://www.europeana.eu/it/item/08602/d311_92","Transessuale","http://data.europa.eu/c4p/data/t_28_it","Il transessuale Linda Key in posa uno studio fotografico mentre una fotografa gli scatta una foto - campo lungo","accept"
"https://www.europeana.eu/it/item/08602/d311_93","Transessuale","http://data.europa.eu/c4p/data/t_28_it","Il transessuale Linda Key si trucca - piano medio","accept"
"https://www.europeana.eu/it/item/08602/d314_40","Nano","http://data.europa.eu/c4p/data/t_18_it","Virna Lisi con una coppetta di gelato in mano accanto ad un nano vestito da clown","accept"
"https://www.europeana.eu/it/item/08611/censorship16000","Nano","http://data.europa.eu/c4p/data/t_18_it","Ai sette nani","accept"
"https://www.europeana.eu/it/item/08611/censorship20630","Adescatrice","http://data.europa.eu/c4p/data/t_55_it","adescatrice
				                 
				                 Female Jungle","accept"
"https://www.europeana.eu/it/item/08611/censorship22371","Cortigiana","http://data.europa.eu/c4p/data/t_30_it","Stella, cortigiana del Pireo
				                 
				                 Stella","accept"
"https://www.europeana.eu/it/item/08611/censorship2468","Terrone","http://data.europa.eu/c4p/data/t_44_it","Settimana Incom N. 423
				                 
				                 Non ci chiamano terroni: Ospitati per l'inverno da famiglie del Nord tornano a casa i bimbi dei paesi alluvionati","accept"
"https://www.europeana.eu/it/item/08611/censorship2521","Negra","http://data.europa.eu/c4p/data/t_8_it","Pinky, la negra bianca
				                 
				                 Pinky","accept"
"https://www.europeana.eu/it/item/08611/censorship31040","Negro","http://data.europa.eu/c4p/data/t_7_it","Cuore di negro","accept"
"https://www.europeana.eu/it/item/08611/censorship32285","Negro","http://data.europa.eu/c4p/data/t_7_it","Umorismo in nero
				                 
				                 Humorismo negro","accept"
"https://www.europeana.eu/it/item/08611/censorship33311","Bastardo","http://data.europa.eu/c4p/data/t_31_it","vergine per un bastardo
				                 
				                 Bett einer Jungfrau","accept"
"https://www.europeana.eu/it/item/08611/censorship34619","Negro","http://data.europa.eu/c4p/data/t_7_it","Labanta negro!","accept"
"https://www.europeana.eu/it/item/08611/censorship35629","Fesso","http://data.europa.eu/c4p/data/t_56_it","Ogni giorno nasce un fesso","accept"
"https://www.europeana.eu/it/item/08611/censorship36860","Carogna","http://data.europa.eu/c4p/data/t_58_it","Colt, 5 dollari una carogna
				                 
				                 Mexicano","accept"
"https://www.europeana.eu/it/item/08611/censorship37444","Carogna","http://data.europa.eu/c4p/data/t_58_it","Quella carogna dell'ispettore Sterling
				                 
				                 sindacato ordina: uccidete quella carogna dell'Ispettore Sterling","accept"
"https://www.europeana.eu/it/item/08611/censorship37604","Bastardo","http://data.europa.eu/c4p/data/t_31_it","forca per un bastardo","accept"
"https://www.europeana.eu/it/item/08611/censorship37871","Carogna","http://data.europa.eu/c4p/data/t_58_it","Sei simpatiche carogne
				                 
				                 scacco tutto matto","accept"
"https://www.europeana.eu/it/item/08611/censorship38061","Carogna","http://data.europa.eu/c4p/data/t_58_it","6 pallottole per 6 carogne
				                 
				                 Jacklas","accept"
"https://www.europeana.eu/it/item/08611/censorship38524","Carogna","http://data.europa.eu/c4p/data/t_58_it","Due sporche carogne
				                 
				                 Adieu l'ami","accept"
"https://www.europeana.eu/it/item/08611/censorship38534","Carogna","http://data.europa.eu/c4p/data/t_58_it","Quella carogna di Frank Mitraglia
				                 
				                 grande chasse","accept"
"https://www.europeana.eu/it/item/08611/censorship38639","Bastardo","http://data.europa.eu/c4p/data/t_31_it","scatenato, il bastardo, il rinnegato
				                 
				                 Um Null Uhr Schnappt","accept"
"https://www.europeana.eu/it/item/08611/censorship38640","Carogna","http://data.europa.eu/c4p/data/t_58_it","Sette sporche carogne
				                 
				                 Wilcze Echa","accept"
"https://www.europeana.eu/it/item/08611/censorship3894","Zingaro","http://data.europa.eu/c4p/data/t_13_it","Vita di zingari
				                 
				                 Gypsy Life","accept"
"https://www.europeana.eu/it/item/08611/censorship39852","Razza","http://data.europa.eu/c4p/data/t_12_it","Israele, punto d'incontro di razze e di religioni","accept"
"https://www.europeana.eu/it/item/08611/censorship40056","Bastardo","http://data.europa.eu/c4p/data/t_31_it","Django il bastardo","accept"
"https://www.europeana.eu/it/item/08611/censorship41318","Bastardo","http://data.europa.eu/c4p/data/t_31_it","mucchio di bastardi
				                 
				                 Losers","accept"
"https://www.europeana.eu/it/item/08611/censorship42724","Prostituta","http://data.europa.eu/c4p/data/t_29_it","notti boccaccesche di un libertino e di una candida prostituta
				                 
				                 Raphael ou le debauché","accept"
"https://www.europeana.eu/it/item/08611/censorship42756","Carogna","http://data.europa.eu/c4p/data/t_58_it","Sei una carogna... e t'ammazzo!
				                 
				                 cuerda al amanecer","accept"
"https://www.europeana.eu/it/item/08611/censorship43507","Bastardo","http://data.europa.eu/c4p/data/t_31_it","Bastardi si nasce carogne si diventa
				                 
				                 Brave Bunch","accept"
"https://www.europeana.eu/it/item/08611/censorship45839","Nano","http://data.europa.eu/c4p/data/t_18_it","5 superman contro i nani venuti dallo spazio
				                 
				                 campeones justicieros","accept"
"https://www.europeana.eu/it/item/08611/censorship46687","Razza","http://data.europa.eu/c4p/data/t_12_it","Razza padrona
				                 
				                 Supermarkt","accept"
"https://www.europeana.eu/it/item/08611/censorship46803","Negro","http://data.europa.eu/c4p/data/t_7_it","Addio ragazza negra
				                 
				                 Mi sorella negra
				                 
				                 Rosas blancas para mi herma negra","accept"
"https://www.europeana.eu/it/item/08611/censorship47180","Negro","http://data.europa.eu/c4p/data/t_7_it","ragazza dalla pelle di corallo
                                                 
                                                 Mayra, la venus negra","accept"
"https://www.europeana.eu/it/item/08611/censorship48654","Razza","http://data.europa.eu/c4p/data/t_12_it","Razza schiava
				                 
				                 Slavers","accept"
"https://www.europeana.eu/it/item/08611/censorship49375","Bastardo","http://data.europa.eu/c4p/data/t_31_it","Sbirri bastardi
				                 
				                 Sweeney 2","accept"
"https://www.europeana.eu/it/item/08611/censorship4942","Nano","http://data.europa.eu/c4p/data/t_18_it","sette nani alla riscossa","accept"
"https://www.europeana.eu/it/item/08611/censorship49433","Zingaro","http://data.europa.eu/c4p/data/t_13_it","re degli zingari
				                 
				                 King of Gypsies","accept"
"https://www.europeana.eu/it/item/08611/censorship49758","Sodomia","http://data.europa.eu/c4p/data/t_35_it","Sodomia
				                 
				                 visita del vizio
				                 
				                 visita del vicio","accept"
"https://www.europeana.eu/it/item/08611/censorship50015","Adescatrice","http://data.europa.eu/c4p/data/t_55_it","adescatrice
				                 
				                 kegyelmes úr rokona","accept"
"https://www.europeana.eu/it/item/08611/censorship50310","Cortigiana","http://data.europa.eu/c4p/data/t_30_it","Cortigiana di Siviglia
				                 
				                 Andalusische Nächte","accept"
"https://www.europeana.eu/it/item/08611/censorship51819","Clandestino","http://data.europa.eu/c4p/data/t_1_it","Clandestino a bordo","accept"
"https://www.europeana.eu/it/item/08611/censorship52999","Carogna","http://data.europa.eu/c4p/data/t_58_it","Sette colt per sette carogne
				                 
				                 Vuela del Mexicano","accept"
"https://www.europeana.eu/it/item/08611/censorship5329","Clandestino","http://data.europa.eu/c4p/data/t_1_it","Clandestino a Trieste","accept"
"https://www.europeana.eu/it/item/08611/censorship54208","Cortigiana","http://data.europa.eu/c4p/data/t_30_it","Cortigiana","accept"
"https://www.europeana.eu/it/item/08611/censorship54267","Razza","http://data.europa.eu/c4p/data/t_12_it","Prestigio di razza","accept"
"https://www.europeana.eu/it/item/08611/censorship5514","Cortigiana","http://data.europa.eu/c4p/data/t_30_it","carriera di un libertino
				                 
				                 carriera di un libertino e la carriera di una cortigiana","accept"
"https://www.europeana.eu/it/item/08611/censorship55172","Nano","http://data.europa.eu/c4p/data/t_18_it","Regno dei nani","accept"
"https://www.europeana.eu/it/item/08611/censorship55503","Nano","http://data.europa.eu/c4p/data/t_18_it","Topolino nel paese dei nani","accept"
"https://www.europeana.eu/it/item/08611/censorship55521","Negro","http://data.europa.eu/c4p/data/t_7_it","Bouboule I re negro","accept"
"https://www.europeana.eu/it/item/08611/censorship55961","Negro","http://data.europa.eu/c4p/data/t_7_it","Piccolo negro Sambo","accept"
"https://www.europeana.eu/it/item/08611/censorship57856","Cortigiana","http://data.europa.eu/c4p/data/t_30_it","Cortigiana di Siviglia","accept"
"https://www.europeana.eu/it/item/08611/censorship59962","Clandestino","http://data.europa.eu/c4p/data/t_1_it","clandestini della frontiera
				                 
				                 Vintage","accept"
"https://www.europeana.eu/it/item/08611/censorship60384","Clandestino","http://data.europa.eu/c4p/data/t_1_it","Clandestina a Tahiti
				                 
				                 passeger clandestin","accept"
"https://www.europeana.eu/it/item/08611/censorship63029","Clandestino","http://data.europa.eu/c4p/data/t_1_it","avventurieri di San Juano
				                 
				                 Cargaison clandestine","accept"
"https://www.europeana.eu/it/item/08611/censorship63317","Negro","http://data.europa.eu/c4p/data/t_7_it","Bouboule I° Re negro
				                 
				                 Avventure in Africa
				                 
				                 Bouboule I°, roi négre","accept"
"https://www.europeana.eu/it/item/08611/censorship67720","Handicappato","http://data.europa.eu/c4p/data/t_46_it","Radar Film Giornale di attualità N. 736
				                 
				                 Italia: A Via Margutta esposti i disegni di mille bambini di tutto il mondo per una manifestazione di solidarietà con gli handicappati","accept"
"https://www.europeana.eu/it/item/08611/censorship72458","Prostituta","http://data.europa.eu/c4p/data/t_29_it","Vita scabrosa di una prostituta
				                 
				                 Intimidades de una prostituta","accept"
"https://www.europeana.eu/it/item/08611/censorship73989","Razza","http://data.europa.eu/c4p/data/t_12_it","Razza selvaggia","accept"
"https://www.europeana.eu/it/item/08611/censorship74288","Adescatrice","http://data.europa.eu/c4p/data/t_55_it","porno adescatrice
				                 
				                 rabatteuse","accept"
"https://www.europeana.eu/it/item/08611/censorship75675","Negro","http://data.europa.eu/c4p/data/t_7_it","figli del Nilo vivono la musica negra","accept"
"https://www.europeana.eu/it/item/08611/censorship76554","Bisex","http://data.europa.eu/c4p/data/t_26_it","amante bisex","accept"
"https://www.europeana.eu/it/item/08611/censorship77587","Razza","http://data.europa.eu/c4p/data/t_12_it","Razza violenta","accept"
"https://www.europeana.eu/it/item/08611/censorship9296","Zingaro","http://data.europa.eu/c4p/data/t_13_it","Passano gli zingari","accept"
"https://www.europeana.eu/it/item/08611/censorship9997","Bastardo","http://data.europa.eu/c4p/data/t_31_it","Noi bastardi","accept"
"https://www.europeana.eu/it/item/18/IEI0373181","Razza","http://data.europa.eu/c4p/data/t_12_it","Si deve spezzare la catena in cui i tdeschi vorrebbero stringerci! Solamente così possiamo vincere e soltanto combattendo potremo liberarci da quella razza maledetta, soldati, cittadini, ancora uno sforzo per infrangere la catena!","accept"
"https://www.europeana.eu/it/item/2048024/Athena_Plus_ProvidedCHO_Biblioteca_nazionale_centrale_di_Roma_oai_bncrm_librari_beniculturali_it_manoscrittomoderno_ARC14XVI262_BNCR_DAN23716_001","Zingaro","http://data.europa.eu/c4p/data/t_13_it","Lo zingaro che fu con D'Annunzio","accept"
"https://www.europeana.eu/it/item/2051914/data_euscreenXL_IL5000042042","Handicappato","http://data.europa.eu/c4p/data/t_46_it","Il servizio parla della riabilitazione degli handicappati e propone le scuole differenziali come soluzione del problema. Nel servizio viene mostrato un laboratorio dove ragazzi subnormali possono imparare dei lavori manuali.","accept"
"https://www.europeana.eu/it/item/2051914/data_euscreenXL_IL5000043369","Immigrato","http://data.europa.eu/c4p/data/t_5_it","Nel servizio sono presentati due aspetti del fenomeno dell'abusivismo: le costruzioni degli immigrati senza casa che cercano una soluzione al problema dell'alloggio, i cantieri abusivi nelle zone archeologiche nei pressi di Roma, abitazioni residenziali costruite senza licenza edilizia.","accept"
"https://www.europeana.eu/it/item/2051914/data_euscreenXL_IL5000045156","Negro","http://data.europa.eu/c4p/data/t_7_it","Potere negro","accept"
"https://www.europeana.eu/it/item/2051914/data_euscreenXL_IL5000048528","Zingaro","http://data.europa.eu/c4p/data/t_13_it","La morte della regina degli zingari.","accept"
"https://www.europeana.eu/it/item/2051914/data_euscreenXL_IL5000077157","Handicappato","http://data.europa.eu/c4p/data/t_46_it","Daniele Scaglioni, pittore con handicap, costuisce con le sue opere un fondo finalizzato all'acquisto di una casa albergo al mare per gli handicappati.","accept"
"https://www.europeana.eu/it/item/2051914/data_euscreenXL_IL5000077619","Handicappato","http://data.europa.eu/c4p/data/t_46_it","Recital della cantante lirica Vera Olivero presso l'auditorium di Milano organizzato dall'associazione di genitori ""La Fra"" per sensibilizzare l'opinione pubblica sul problema dell'inserimento degli handicappati nella società","accept"
"https://www.europeana.eu/it/item/285/gam17749","Zingaro","http://data.europa.eu/c4p/data/t_13_it","Donna con bambino (Corso di zingari)","accept"
"https://www.europeana.eu/it/item/285/gam2050","Nano","http://data.europa.eu/c4p/data/t_18_it","Caricatura di uomo seduto e nano Baiocco","accept"
"https://www.europeana.eu/it/item/285/gam27752","Nano","http://data.europa.eu/c4p/data/t_18_it","Alba - Casa della danza dei nani","accept"
"https://www.europeana.eu/it/item/433/photo_004_004075_129780","Handicappato","http://data.europa.eu/c4p/data/t_46_it","Vittorio Fleischner e Vincenzo Cassera, Presidente e vice Presidente del Centro internazionale ricerche per l'autosufficienza degli handicappati, con una delegazione di disabili","accept"
"https://www.europeana.eu/it/item/433/photo_004_004075_129781","Handicappato","http://data.europa.eu/c4p/data/t_46_it","Vittorio Fleischner e Vincenzo Cassera, Presidente e vice Presidente del Centro internazionale ricerche per l'autosufficienza degli handicappati, con una delegazione di disabili","accept"
"https://www.europeana.eu/it/item/433/photo_004_049199_173477","Handicappato","http://data.europa.eu/c4p/data/t_46_it","Gruppo di studenti handicappati dell'Istituto Elisabethium di Axams (Austria)","accept"
"https://www.europeana.eu/it/item/433/photo_004_049199_173478","Handicappato","http://data.europa.eu/c4p/data/t_46_it","Gruppo di studenti handicappati dell'Istituto Elisabethium di Axams (Austria)","accept"
"https://www.europeana.eu/it/item/433/photo_004_049199_173479","Handicappato","http://data.europa.eu/c4p/data/t_46_it","Gruppo di studenti handicappati dell'Istituto Elisabethium di Axams (Austria)","accept"
"https://www.europeana.eu/it/item/433/photo_004_049199_173480","Handicappato","http://data.europa.eu/c4p/data/t_46_it","Gruppo di studenti handicappati dell'Istituto Elisabethium di Axams (Austria)","accept"
"https://www.europeana.eu/it/item/433/photo_004_049199_173481","Handicappato","http://data.europa.eu/c4p/data/t_46_it","Gruppo di studenti handicappati dell'Istituto Elisabethium di Axams (Austria)","accept"
"https://www.europeana.eu/it/item/433/photo_004_090664_132636","Handicappato","http://data.europa.eu/c4p/data/t_46_it","Vittorio Fleischner e Vincenzo Cassera, presidente e vicepresidente del Centro internazionale ricerche per l'autosufficienza degli handicappati, con una delegazione di disabili","accept"
"https://www.europeana.eu/it/item/433/photo_004_090664_132637","Handicappato","http://data.europa.eu/c4p/data/t_46_it","Vittorio Fleischner e Vincenzo Cassera, presidente e vicepresidente del Centro internazionale ricerche per l'autosufficienza degli handicappati, con una delegazione di disabili","accept"
"https://www.europeana.eu/it/item/433/photo_004_090664_132638","Handicappato","http://data.europa.eu/c4p/data/t_46_it","Vittorio Fleischner e Vincenzo Cassera, presidente e vicepresidente del Centro internazionale ricerche per l'autosufficienza degli handicappati, con una delegazione di disabili","accept"
"https://www.europeana.eu/it/item/446/ASILS_Fondo_Giulio_Andreotti_Discorsi0508","Immigrato","http://data.europa.eu/c4p/data/t_5_it","Milano, al Convegno italo-africano. Visita al Centro immigrati","accept"
"https://www.europeana.eu/it/item/446/CB0007_MSM_0178191","Cafone","http://data.europa.eu/c4p/data/t_52_it","'titolo uniforme:' Cessate o cafoni quel suono festoso; 'altre varianti:' Cessate oh cafoni quel suono festoso, cafoni","accept"
"https://www.europeana.eu/it/item/446/CCFototeca_ReDa_SC05_N_SEL3_001","Zingaro","http://data.europa.eu/c4p/data/t_13_it","Zingari a Città di Castello","accept"
"https://www.europeana.eu/it/item/446/CCFototeca_ReDa_SC05_N_SEL5_001","Zingaro","http://data.europa.eu/c4p/data/t_13_it","Campo di zingari nella periferia di Città di Castello","accept"
"https://www.europeana.eu/it/item/446/CCFototeca_ReDa_SC05_N_SEL6_001","Zingaro","http://data.europa.eu/c4p/data/t_13_it","Zingari a Città di Castello","accept"
"https://www.europeana.eu/it/item/446/CCFototeca_TACC_OBN_93","Immigrato","http://data.europa.eu/c4p/data/t_5_it","Immigrati marocchini accampati lungo il Tevere a Città di Castello","accept"
"https://www.europeana.eu/it/item/446/CCFototeca_TACC_OBN_94","Immigrato","http://data.europa.eu/c4p/data/t_5_it","Immigrati marocchini accampati lungo il Tevere a Città di Castello","accept"
"https://www.europeana.eu/it/item/446/FOG419624","Nano","http://data.europa.eu/c4p/data/t_18_it","I sette nani alla riscossa","accept"
"https://www.europeana.eu/it/item/446/FOG420241","Zingaro","http://data.europa.eu/c4p/data/t_13_it","La Globe films international presenta una produzione Soc. Coop. ""25 aprile"". Giorni di gloria. Regia di Isacco Nahoum, Giovanni Canavero, Alfieri Canavero, Gianni Dolino. Commento di Italo Calvino e Paolo Spriano. Supervisione di Mario Serandrei. Distribuzione Globe films international. ""Il Duce entrerà nella storia come l'ultimo discendente degli antichi romani. Dietro la sua possente figura un popolo di zingari finirà imputridito"" Adolf Hitler. ""Io, in vent'anni, la razza non la potevo cambiare"" Mussolini","accept"
"https://www.europeana.eu/it/item/446/FOG420319","Cortigiana","http://data.europa.eu/c4p/data/t_30_it","Frine cortigiana d'oriente","accept"
"https://www.europeana.eu/it/item/446/FOG420611","Carogna","http://data.europa.eu/c4p/data/t_58_it","Sette sporche carogne","accept"
"https://www.europeana.eu/it/item/446/FOG421230","Carogna","http://data.europa.eu/c4p/data/t_58_it","Morte di una carogna","accept"
"https://www.europeana.eu/it/item/446/FOG421375","Razza","http://data.europa.eu/c4p/data/t_12_it","Razza schiava","accept"
"https://www.europeana.eu/it/item/446/FOG422937","Bastardo","http://data.europa.eu/c4p/data/t_31_it","4 Bastardi per un posto all'inferno","accept"
"https://www.europeana.eu/it/item/446/FOG423113","Bastardo","http://data.europa.eu/c4p/data/t_31_it","Si può essere più bastardi dell'ispettore Cliff?","accept"
"https://www.europeana.eu/it/item/446/FOG423169","Bastardo","http://data.europa.eu/c4p/data/t_31_it","Un mucchio di bastardi","accept"
"https://www.europeana.eu/it/item/446/FOG423413","Carogna","http://data.europa.eu/c4p/data/t_58_it","Quella carogna di Frank Mitraglia","accept"
"https://www.europeana.eu/it/item/446/FOG424765","Zingaro","http://data.europa.eu/c4p/data/t_13_it","Il re degli zingari","accept"
"https://www.europeana.eu/it/item/446/FOG425001","Nano","http://data.europa.eu/c4p/data/t_18_it","5 supermen contro i nani venuti dallo spazio","accept"
"https://www.europeana.eu/it/item/446/FOG425070","Negro","http://data.europa.eu/c4p/data/t_7_it","Addio ragazza negra","accept"
"https://www.europeana.eu/it/item/446/FOG537601","Fesso","http://data.europa.eu/c4p/data/t_56_it","Ogni giorno nasce un fesso","accept"
"https://www.europeana.eu/it/item/446/GE38000690","Razza","http://data.europa.eu/c4p/data/t_12_it","Distribuzione della specie umana distribuite nelle sue razze principali","accept"
"https://www.europeana.eu/it/item/446/MIL0874598","Frocio","http://data.europa.eu/c4p/data/t_21_it","Contiene: 1. Vacci piano ; 2. Blues degli orti metropolitani ; 3. Meglio un figlio ladro che un figlio frocio ; 4. Ti voglio così ; 5. Col mare di fronte ; 6. Nostalgia della miseria ; 7. Sbagliando nota ; 8. Sono un ribelle mamma ; 9. Gran viaggino ; 10. Ho perso il filobus ; 11. Pene d'amore ; 12. Gelati ; 13. Io dentro ; 14. Gli italiani son felici ; 15. Non hai vinto ritenta ; 16. Permanent flebo ; 17. Eptadone ; 18. Sesso pazzo","accept"
"https://www.europeana.eu/it/item/446/NA0059_C12_18_F3570","Zingaro","http://data.europa.eu/c4p/data/t_13_it","In alto, sul figurino: N.15 Moraimo luogotenente dei[!] zingari - Signor Wietzzelli[!] [ecc.]. Interprete: Wietzel, Nicola","accept"
"https://www.europeana.eu/it/item/446/NA0059_C12_18_F3571","Zingaro","http://data.europa.eu/c4p/data/t_13_it","In alto, sul figurino: N.16 Banda dei zingari: Il M.o solito. Interprete: Banda","accept"
"https://www.europeana.eu/it/item/446/RM0255_DIG_1698","Travestito","http://data.europa.eu/c4p/data/t_27_it","In alto al centro: ""Giusta preoccupazione""; ""Il Tedesco (al fascista) - E ...dimmi... siamo proprio sicuri che, data l'aria che / spira quì, questi manifesti non siano...ehm... male interpretati?..."" In basso al centro: ""Buona caccia..."";""Dubbio atroce..."";""Il baldo S.S. (uscendo di casa per andare a caccia di arruolati renitenti):/ Come mi va, mi va male...Quello scorfano lì o é/ un renitente travestito, e Kesserling si arrabbia... O é davvero una gobba e allora oggi non prendo niente.... Al centro timbro ovale a inchiostro: ""Biblioteca Storia Mod. e Contemp.""","reject"
"https://www.europeana.eu/it/item/446/RM0255_DIG_1767","Razza","http://data.europa.eu/c4p/data/t_12_it","Avidità di lucro e rapina...caratteristiche della razza ebraica","accept"
"https://www.europeana.eu/it/item/446/RM0255_DIG_2850","Sodomia","http://data.europa.eu/c4p/data/t_35_it","Il mostro regge con i denti la croce austriaca, dietro molti altri mostri con sulle teste le scritte: cupidigia, spionaggio, bruttezza, balordaggine, cattivo gusto, sodomia, barbarie, vigliaccheria, militarismo imp","accept"
"https://www.europeana.eu/it/item/446/RM0255_DIG_986","Nano","http://data.europa.eu/c4p/data/t_18_it","Le due ragazze sono fotografate in un villaggio tra persone che camminano: un nano, una donna e un bambino","accept"
"https://www.europeana.eu/it/item/446/RM0255_DIG_997","Nano","http://data.europa.eu/c4p/data/t_18_it","Per terra donne e bambine poggiate ai tipici contenitori, i tungi, un nano inpiedi e sullo sfondo degli ascari","accept"
"https://www.europeana.eu/it/item/446/RMLE042124","Sodomia","http://data.europa.eu/c4p/data/t_35_it","Sodomia","accept"
"https://www.europeana.eu/it/item/617/Foto_Sport_I_n_1_27_10_1951_41","Negro","http://data.europa.eu/c4p/data/t_7_it","Eliot Van Zandt, il poderoso negro che allena gli azzurri della pallacanestro","accept"
